"Time_Iter","Outer_Iter","Inner_Iter",    "Cur_Time"    ,    "Time_Step"   ,     "rms[P]"     ,     "rms[U]"     ,     "rms[V]"     ,     "rms[W]"     
          0,           0,        2999,                 0,             0.001,      -9.000986412,      -10.12708828,      -9.891804859,      -10.13836756
          1,           0,        2824,             0.001,             0.001,      -10.00078918,      -11.12831731,      -10.89587371,      -11.13802454
          2,           0,        2801,             0.002,             0.001,      -10.00079202,      -11.12878807,      -10.89625038,       -11.1384653
          3,           0,        2775,             0.003,             0.001,      -10.00025982,      -11.12875708,      -10.89605825,      -11.13836017
          4,           0,        2750,             0.004,             0.001,      -10.00083341,      -11.12983126,      -10.89697281,      -11.13936026
          5,           0,        2724,             0.005,             0.001,      -10.00021974,      -11.12972193,      -10.89669489,       -11.1391696
          6,           0,        2699,             0.006,             0.001,      -10.00071005,      -11.13071588,      -10.89752155,      -11.14008227
          7,           0,        2673,             0.007,             0.001,       -10.0000121,      -11.13052578,      -10.89715459,       -11.1398028
          8,           0,        2648,             0.008,             0.001,      -10.00041675,      -11.13143756,      -10.89789208,      -11.14062524
          9,           0,        2623,             0.009,             0.001,       -10.0007785,      -11.13230798,      -10.89858485,      -11.14140226
         10,           0,        2598,              0.01,             0.001,      -10.00109547,      -11.13313619,      -10.89923164,      -11.14213177
         11,           0,        2572,             0.011,             0.001,      -10.00022066,      -11.13277758,      -10.89868107,      -11.14166456
         12,           0,        2547,             0.012,             0.001,      -10.00044498,      -11.13351776,      -10.89923214,      -11.14229551
         13,           0,        2522,             0.013,             0.001,      -10.00062394,      -11.13421511,      -10.89973473,      -11.14287794
         14,           0,        2497,             0.014,             0.001,       -10.0007554,      -11.13486754,      -10.90018834,      -11.14340952
         15,           0,        2472,             0.015,             0.001,      -10.00083857,      -11.13547454,      -10.90059249,      -11.14388926
         16,           0,        2447,             0.016,             0.001,      -10.00087263,      -11.13603539,      -10.90094535,      -11.14431614
         17,           0,        2422,             0.017,             0.001,      -10.00085677,      -11.13654942,      -10.90124649,       -11.1446891
         18,           0,        2397,             0.018,             0.001,      -10.00079011,      -11.13701613,      -10.90149523,      -11.14500705
         19,           0,        2372,             0.019,             0.001,      -10.00067178,      -11.13743473,      -10.90169094,      -11.14526886
         20,           0,        2347,              0.02,             0.001,      -10.00050087,      -11.13780461,      -10.90183241,      -11.14547337
         21,           0,        2322,             0.021,             0.001,      -10.00027647,      -11.13812502,      -10.90191941,      -11.14561936
         22,           0,        2298,             0.022,             0.001,      -10.00114374,      -11.13953714,      -10.90310012,      -11.14685569
         23,           0,        2273,             0.023,             0.001,      -10.00081247,      -11.13975949,      -10.90307691,       -11.1468841
         24,           0,        2248,             0.024,             0.001,      -10.00042195,      -11.13992742,      -10.90299332,      -11.14684734
         25,           0,        2224,             0.025,             0.001,      -10.00112004,      -11.14118424,      -10.90400193,       -11.1478976
         26,           0,        2199,             0.026,             0.001,      -10.00061732,      -11.14125057,      -10.90380473,      -11.14773595
         27,           0,        2174,             0.027,             0.001,      -10.00005166,      -11.14125977,      -10.90354343,      -11.14750437
         28,           0,        2150,             0.028,             0.001,       -10.0005714,      -11.14235492,      -10.90437228,      -11.14835628
         29,           0,        2126,             0.029,             0.001,      -10.00103394,        -11.143399,      -10.90514308,      -11.14914371
         30,           0,        2101,              0.03,             0.001,      -10.00028835,      -11.14324769,      -10.90470139,      -11.14870926
         31,           0,        2077,             0.031,             0.001,      -10.00062034,      -11.14417471,      -10.90534201,      -11.14935012
         32,           0,        2053,             0.032,             0.001,      -10.00089272,      -11.14504956,      -10.90592348,      -11.14992281
         33,           0,        2029,             0.033,             0.001,      -10.00109965,      -11.14586672,      -10.90644078,      -11.15042105
         34,           0,        2004,             0.034,             0.001,      -10.00009414,      -11.14548713,      -10.90574153,      -11.14968979
         35,           0,        1980,             0.035,             0.001,      -10.00016026,      -11.14618057,      -10.90612012,      -11.15002734
         36,           0,        1956,             0.036,             0.001,      -10.00016369,      -11.14682068,       -10.9064387,      -11.15029159
         37,           0,        1932,             0.037,             0.001,      -10.00009721,       -11.1474007,      -10.90668933,      -11.15047476
         38,           0,        1909,             0.038,             0.001,      -10.00110549,      -11.14905662,      -10.90802342,      -11.15173024
         39,           0,        1885,             0.039,             0.001,      -10.00090418,      -11.14952275,      -10.90814569,      -11.15175487
         40,           0,        1861,              0.04,             0.001,      -10.00062167,      -11.14991936,      -10.90819037,      -11.15168534
         41,           0,        1837,             0.041,             0.001,      -10.00026466,      -11.15025365,      -10.90816506,       -11.1515276
         42,           0,        1814,             0.042,             0.001,      -10.00097793,      -11.15166017,      -10.90922224,      -11.15243712
         43,           0,        1790,             0.043,             0.001,      -10.00047955,      -11.15187954,      -10.90906624,      -11.15210885
         44,           0,        1767,             0.044,             0.001,      -10.00103916,      -11.15315907,      -10.90998247,      -11.15283537
         45,           0,        1743,             0.045,             0.001,      -10.00038626,      -11.15325339,      -10.90968578,      -11.15232046
         46,           0,        1720,             0.046,             0.001,      -10.00078794,      -11.15440484,      -10.91046029,      -11.15285662
         47,           0,        1697,             0.047,             0.001,      -10.00112247,      -11.15550513,      -10.91117672,      -11.15330833
         48,           0,        1673,             0.048,             0.001,      -10.00023094,      -11.15541127,      -10.91067019,      -11.15250061
         49,           0,        1650,             0.049,             0.001,      -10.00038856,      -11.15636965,      -10.91123213,      -11.15273805
