query,ordinal,face,tetPt,p0,p1,p2,det,cellV,tol,w0,w1,w2,w3,accepted
0,0,22295,1,14487,7958,14486,-0.0037849458838256156,0.0075698917676512868,2.2204460492503131e-16,0.2499999999999909,0.50000000000000455,-0.24999999999999967,0.50000000000000422,0
0,1,22295,2,14487,14486,5089,-0.0037849458838256109,0.0075698917676512868,2.2204460492503131e-16,0.24999999999999778,0.25000000000000133,0.25000000000000105,0.24999999999999978,1
0,2,22296,1,545,7293,14486,-0.0037849458838256338,0.0075698917676512868,2.2204460492503131e-16,1.2499999999999996,-0.24999999999999933,-0.25000000000000167,0.25000000000000144,0
0,3,22296,2,545,14486,7958,-0.0037849458838256507,0.0075698917676512868,2.2204460492503131e-16,1.2499999999999996,-0.49999999999999978,-2.3607845906188746e-16,0.25000000000000044,0
0,4,22297,1,545,7958,14487,-0.0037849458838256512,0.0075698917676512868,2.2204460492503131e-16,1.2499999999999991,-0.49999999999999956,0.25000000000000028,2.2204460492503131e-16,0
0,5,22297,2,545,14487,7954,-0.0037849458838256343,0.0075698917676512868,2.2204460492503131e-16,1.2499999999999989,-0.24999999999999922,0.25000000000000161,-0.25000000000000133,0
0,6,22018,1,545,14440,7293,-0.0037849458838256494,0.0075698917676512868,2.2204460492503131e-16,1.75,-0.49999999999999944,-0.25000000000000039,0,0
0,7,22018,2,545,7954,14440,-0.0037849458838256494,0.0075698917676512868,2.2204460492503131e-16,1.75,-0.49999999999999972,2.8139483898546501e-16,-0.25000000000000044,0
0,8,22288,1,14486,14440,5089,-0.0037849458838256629,0.0075698917676512868,2.2204460492503131e-16,0.75000000000000033,-2.6118802482034755e-16,-0.24999999999999789,0.49999999999999778,0
0,9,22288,2,14486,7293,14440,-0.0037849458838256308,0.0075698917676512868,2.2204460492503131e-16,0.75000000000000089,0.50000000000000178,-0.50000000000000211,0.24999999999999944,0
0,10,22293,1,14487,14440,7954,-0.0037849458838256304,0.0075698917676512868,2.2204460492503131e-16,0.75000000000000033,0.50000000000000222,0.24999999999999947,-0.50000000000000222,0
0,11,22293,2,14487,5089,14440,-0.0037849458838256629,0.0075698917676512868,2.2204460492503131e-16,0.74999999999999978,3.3690599021672284e-16,0.49999999999999756,-0.24999999999999778,0
1,0,22295,1,14487,7958,14486,-0.0037849458838256156,0.0075698917676512868,2.2204460492503131e-16,0.24999999999999073,0.51989436788649157,-0.26989436788648657,0.50000000000000433,0
1,1,22295,2,14487,14486,5089,-0.0037849458838256109,0.0075698917676512868,2.2204460492503131e-16,0.24999999999999811,0.25000000000000111,0.23010563211351392,0.26989436788648691,1
1,2,22296,1,545,7293,14486,-0.0037849458838256338,0.0075698917676512868,2.2204460492503131e-16,1.2897887357729734,-0.26989436788648613,-0.25000000000000155,0.2301056321135142,0
1,3,22296,2,545,14486,7958,-0.0037849458838256507,0.0075698917676512868,2.2204460492503131e-16,1.2897887357729734,-0.51989436788648657,-0.019894367886487144,0.25000000000000033,0
1,4,22297,1,545,7958,14487,-0.0037849458838256512,0.0075698917676512868,2.2204460492503131e-16,1.2499999999999991,-0.49999999999999961,0.23010563211351348,0.019894367886486908,0
1,5,22297,2,545,14487,7954,-0.0037849458838256343,0.0075698917676512868,2.2204460492503131e-16,1.2499999999999989,-0.26989436788648613,0.25000000000000161,-0.23010563211351442,0
1,6,22018,1,545,14440,7293,-0.0037849458838256494,0.0075698917676512868,2.2204460492503131e-16,1.75,-0.49999999999999944,-0.23010563211351348,-0.019894367886486908,0
1,7,22018,2,545,7954,14440,-0.0037849458838256494,0.0075698917676512868,2.2204460492503131e-16,1.75,-0.51989436788648669,0.019894367886487189,-0.25000000000000044,0
1,8,22288,1,14486,14440,5089,-0.0037849458838256629,0.0075698917676512868,2.2204460492503131e-16,0.75000000000000022,-0.019894367886487168,-0.2499999999999977,0.51989436788648458,0
1,9,22288,2,14486,7293,14440,-0.0037849458838256308,0.0075698917676512868,2.2204460492503131e-16,0.75000000000000089,0.50000000000000178,-0.51989436788648902,0.26989436788648635,0
1,10,22293,1,14487,14440,7954,-0.0037849458838256304,0.0075698917676512868,2.2204460492503131e-16,0.71021126422702641,0.51989436788648924,0.26989436788648646,-0.50000000000000222,0
1,11,22293,2,14487,5089,14440,-0.0037849458838256629,0.0075698917676512868,2.2204460492503131e-16,0.71021126422702585,0.019894367886487244,0.49999999999999767,-0.23010563211351087,0
2,0,22295,1,14487,7958,14486,-0.0037849458838256156,0.0075698917676512868,2.2204460492503131e-16,0.24999999999999109,0.48010563211351753,-0.23010563211351276,0.50000000000000411,0
2,1,22295,2,14487,14486,5089,-0.0037849458838256109,0.0075698917676512868,2.2204460492503131e-16,0.24999999999999739,0.2500000000000015,0.26989436788648813,0.23010563211351298,1
2,2,22296,1,545,7293,14486,-0.0037849458838256338,0.0075698917676512868,2.2204460492503131e-16,1.2102112642270257,-0.23010563211351243,-0.25000000000000172,0.26989436788648846,0
2,3,22296,2,545,14486,7958,-0.0037849458838256507,0.0075698917676512868,2.2204460492503131e-16,1.2102112642270257,-0.48010563211351298,0.019894367886486672,0.25000000000000056,0
2,4,22297,1,545,7958,14487,-0.0037849458838256512,0.0075698917676512868,2.2204460492503131e-16,1.2499999999999991,-0.49999999999999944,0.26989436788648707,-0.019894367886486686,0
2,5,22297,2,545,14487,7954,-0.0037849458838256343,0.0075698917676512868,2.2204460492503131e-16,1.2499999999999989,-0.23010563211351232,0.25000000000000161,-0.26989436788648802,0
2,6,22018,1,545,14440,7293,-0.0037849458838256494,0.0075698917676512868,2.2204460492503131e-16,1.75,-0.49999999999999944,-0.2698943678864873,0.019894367886486908,0
2,7,22018,2,545,7954,14440,-0.0037849458838256494,0.0075698917676512868,2.2204460492503131e-16,1.75,-0.48010563211351281,-0.019894367886486627,-0.25000000000000044,0
2,8,22288,1,14486,14440,5089,-0.0037849458838256629,0.0075698917676512868,2.2204460492503131e-16,0.75000000000000033,0.019894367886486648,-0.24999999999999808,0.48010563211351109,0
2,9,22288,2,14486,7293,14440,-0.0037849458838256308,0.0075698917676512868,2.2204460492503131e-16,0.75000000000000089,0.50000000000000178,-0.48010563211351515,0.23010563211351243,0
2,10,22293,1,14487,14440,7954,-0.0037849458838256304,0.0075698917676512868,2.2204460492503131e-16,0.78978873577297415,0.48010563211351526,0.23010563211351256,-0.500000000000002,0
2,11,22293,2,14487,5089,14440,-0.0037849458838256629,0.0075698917676512868,2.2204460492503131e-16,0.78978873577297359,-0.019894367886486571,0.49999999999999745,-0.26989436788648447,0
3,0,22295,1,14487,7958,14486,-0.0037849458838256156,0.0075698917676512868,2.2204460492503131e-16,0.28978873577296521,0.48010563211351731,-0.24999999999999967,0.4801056321135172,0
3,1,22295,2,14487,14486,5089,-0.0037849458838256109,0.0075698917676512868,2.2204460492503131e-16,0.28978873577297209,0.23010563211351417,0.2301056321135139,0.24999999999999989,1
3,2,22296,1,545,7293,14486,-0.0037849458838256338,0.0075698917676512868,2.2204460492503131e-16,1.2499999999999996,-0.24999999999999933,-0.23010563211351456,0.23010563211351431,0
3,3,22296,2,545,14486,7958,-0.0037849458838256507,0.0075698917676512868,2.2204460492503131e-16,1.2499999999999996,-0.48010563211351281,-2.3607845906188746e-16,0.23010563211351354,0
3,4,22297,1,545,7958,14487,-0.0037849458838256512,0.0075698917676512868,2.2204460492503131e-16,1.2499999999999991,-0.48010563211351254,0.23010563211351331,1.1102230246251565e-16,0
3,5,22297,2,545,14487,7954,-0.0037849458838256343,0.0075698917676512868,2.2204460492503131e-16,1.2499999999999989,-0.24999999999999922,0.23010563211351459,-0.2301056321135142,0
3,6,22018,1,545,14440,7293,-0.0037849458838256494,0.0075698917676512868,2.2204460492503131e-16,1.710211264227026,-0.48010563211351243,-0.23010563211351337,-2.2204460492503131e-16,0
3,7,22018,2,545,7954,14440,-0.0037849458838256494,0.0075698917676512868,2.2204460492503131e-16,1.710211264227026,-0.4801056321135127,2.8139483898546501e-16,-0.23010563211351354,0
3,8,22288,1,14486,14440,5089,-0.0037849458838256629,0.0075698917676512868,2.2204460492503131e-16,0.75000000000000033,-2.6118802482034755e-16,-0.23010563211351101,0.48010563211351087,0
3,9,22288,2,14486,7293,14440,-0.0037849458838256308,0.0075698917676512868,2.2204460492503131e-16,0.75000000000000089,0.48010563211351481,-0.48010563211351504,0.24999999999999933,0
3,10,22293,1,14487,14440,7954,-0.0037849458838256304,0.0075698917676512868,2.2204460492503131e-16,0.75000000000000033,0.48010563211351515,0.24999999999999947,-0.48010563211351509,0
3,11,22293,2,14487,5089,14440,-0.0037849458838256629,0.0075698917676512868,2.2204460492503131e-16,0.74999999999999978,3.3690599021672284e-16,0.48010563211351065,-0.23010563211351087,0
4,0,22295,1,14487,7958,14486,-0.0037849458838256156,0.0075698917676512868,2.2204460492503131e-16,0.21021126422701655,0.51989436788649179,-0.24999999999999978,0.51989436788649146,0
4,1,22295,2,14487,14486,5089,-0.0037849458838256109,0.0075698917676512868,2.2204460492503131e-16,0.21021126422702344,0.26989436788648846,0.26989436788648818,0.25,1
4,2,22296,1,545,7293,14486,-0.0037849458838256338,0.0075698917676512868,2.2204460492503131e-16,1.2499999999999996,-0.24999999999999933,-0.26989436788648874,0.26989436788648846,0
4,3,22296,2,545,14486,7958,-0.0037849458838256507,0.0075698917676512868,2.2204460492503131e-16,1.2499999999999996,-0.5198943678864868,-2.3607845906188746e-16,0.26989436788648746,0
4,4,22297,1,545,7958,14487,-0.0037849458838256512,0.0075698917676512868,2.2204460492503131e-16,1.2499999999999991,-0.51989436788648657,0.26989436788648724,2.2204460492503131e-16,0
4,5,22297,2,545,14487,7954,-0.0037849458838256343,0.0075698917676512868,2.2204460492503131e-16,1.2499999999999989,-0.24999999999999922,0.26989436788648874,-0.26989436788648846,0
4,6,22018,1,545,14440,7293,-0.0037849458838256494,0.0075698917676512868,2.2204460492503131e-16,1.7897887357729738,-0.51989436788648635,-0.2698943678864873,0,0
4,7,22018,2,545,7954,14440,-0.0037849458838256494,0.0075698917676512868,2.2204460492503131e-16,1.7897887357729738,-0.51989436788648669,2.8139483898546501e-16,-0.26989436788648735,0
4,8,22288,1,14486,14440,5089,-0.0037849458838256629,0.0075698917676512868,2.2204460492503131e-16,0.75000000000000022,-2.6118802482034755e-16,-0.26989436788648474,0.51989436788648469,0
4,9,22288,2,14486,7293,14440,-0.0037849458838256308,0.0075698917676512868,2.2204460492503131e-16,0.75000000000000089,0.51989436788648891,-0.51989436788648924,0.24999999999999944,0
4,10,22293,1,14487,14440,7954,-0.0037849458838256304,0.0075698917676512868,2.2204460492503131e-16,0.75000000000000033,0.51989436788648924,0.24999999999999947,-0.51989436788648913,0
4,11,22293,2,14487,5089,14440,-0.0037849458838256629,0.0075698917676512868,2.2204460492503131e-16,0.74999999999999967,3.3690599021672284e-16,0.51989436788648447,-0.26989436788648447,0
5,0,22295,1,14487,7958,14486,-0.0037849458838256156,0.0075698917676512868,2.2204460492503131e-16,0.24999999999999073,0.50000000000000466,-0.26989436788648657,0.51989436788649124,0
5,1,22295,2,14487,14486,5089,-0.0037849458838256109,0.0075698917676512868,2.2204460492503131e-16,0.24999999999999814,0.2301056321135142,0.25000000000000083,0.26989436788648691,1
5,2,22296,1,545,7293,14486,-0.0037849458838256338,0.0075698917676512868,2.2204460492503131e-16,1.2499999999999996,-0.26989436788648624,-0.23010563211351473,0.25000000000000144,0
5,3,22296,2,545,14486,7958,-0.0037849458838256507,0.0075698917676512868,2.2204460492503131e-16,1.2499999999999996,-0.49999999999999989,0.019894367886486679,0.23010563211351365,0
5,4,22297,1,545,7958,14487,-0.0037849458838256512,0.0075698917676512868,2.2204460492503131e-16,1.2897887357729729,-0.51989436788648635,0.25000000000000022,-0.019894367886486908,0
5,5,22297,2,545,14487,7954,-0.0037849458838256343,0.0075698917676512868,2.2204460492503131e-16,1.2897887357729727,-0.26989436788648613,0.23010563211351462,-0.25000000000000111,0
5,6,22018,1,545,14440,7293,-0.0037849458838256494,0.0075698917676512868,2.2204460492503131e-16,1.75,-0.51989436788648635,-0.25000000000000039,0.019894367886486908,0
5,7,22018,2,545,7954,14440,-0.0037849458838256494,0.0075698917676512868,2.2204460492503131e-16,1.75,-0.49999999999999972,-0.019894367886486634,-0.23010563211351354,0
5,8,22288,1,14486,14440,5089,-0.0037849458838256629,0.0075698917676512868,2.2204460492503131e-16,0.71021126422702641,0.019894367886486651,-0.23010563211351104,0.499999999999998,0
5,9,22288,2,14486,7293,14440,-0.0037849458838256308,0.0075698917676512868,2.2204460492503131e-16,0.71021126422702696,0.5198943678864888,-0.50000000000000222,0.26989436788648646,0
5,10,22293,1,14487,14440,7954,-0.0037849458838256304,0.0075698917676512868,2.2204460492503131e-16,0.75000000000000033,0.50000000000000222,0.26989436788648641,-0.51989436788648913,0
5,11,22293,2,14487,5089,14440,-0.0037849458838256629,0.0075698917676512868,2.2204460492503131e-16,0.74999999999999978,-0.019894367886486578,0.51989436788648424,-0.24999999999999734,0
6,0,22295,1,14487,7958,14486,-0.0037849458838256156,0.0075698917676512868,2.2204460492503131e-16,0.24999999999999109,0.50000000000000444,-0.23010563211351276,0.4801056321135172,0
6,1,22295,2,14487,14486,5089,-0.0037849458838256109,0.0075698917676512868,2.2204460492503131e-16,0.24999999999999742,0.26989436788648841,0.25000000000000122,0.23010563211351298,1
6,2,22296,1,545,7293,14486,-0.0037849458838256338,0.0075698917676512868,2.2204460492503131e-16,1.2499999999999996,-0.23010563211351243,-0.26989436788648857,0.25000000000000144,0
6,3,22296,2,545,14486,7958,-0.0037849458838256507,0.0075698917676512868,2.2204460492503131e-16,1.2499999999999996,-0.49999999999999967,-0.019894367886487151,0.26989436788648724,0
6,4,22297,1,545,7958,14487,-0.0037849458838256512,0.0075698917676512868,2.2204460492503131e-16,1.2102112642270253,-0.4801056321135127,0.25000000000000039,0.019894367886486908,0
6,5,22297,2,545,14487,7954,-0.0037849458838256343,0.0075698917676512868,2.2204460492503131e-16,1.2102112642270251,-0.23010563211351232,0.26989436788648863,-0.25000000000000133,0
6,6,22018,1,545,14440,7293,-0.0037849458838256494,0.0075698917676512868,2.2204460492503131e-16,1.75,-0.48010563211351254,-0.25000000000000039,-0.019894367886486908,0
6,7,22018,2,545,7954,14440,-0.0037849458838256494,0.0075698917676512868,2.2204460492503131e-16,1.75,-0.49999999999999972,0.019894367886487196,-0.26989436788648735,0
6,8,22288,1,14486,14440,5089,-0.0037849458838256629,0.0075698917676512868,2.2204460492503131e-16,0.78978873577297415,-0.019894367886487171,-0.26989436788648469,0.49999999999999767,0
6,9,22288,2,14486,7293,14440,-0.0037849458838256308,0.0075698917676512868,2.2204460492503131e-16,0.7897887357729747,0.48010563211351481,-0.500000000000002,0.23010563211351243,0
6,10,22293,1,14487,14440,7954,-0.0037849458838256304,0.0075698917676512868,2.2204460492503131e-16,0.75000000000000033,0.50000000000000222,0.23010563211351256,-0.48010563211351531,0
6,11,22293,2,14487,5089,14440,-0.0037849458838256629,0.0075698917676512868,2.2204460492503131e-16,0.74999999999999978,0.019894367886487251,0.48010563211351082,-0.24999999999999778,0
7,0,22295,1,14487,7958,14486,-0.0037849458838256156,0.0075698917676512868,2.2204460492503131e-16,0.2499999999999909,0.50124339799291007,-0.25124339799290518,0.50000000000000422,0
7,1,22295,2,14487,14486,5089,-0.0037849458838256109,0.0075698917676512868,2.2204460492503131e-16,0.24999999999999778,0.25000000000000128,0.2487566020070956,0.2512433979929054,1
7,2,22296,1,545,7293,14486,-0.0037849458838256338,0.0075698917676512868,2.2204460492503131e-16,1.2524867959858106,-0.25124339799290474,-0.25000000000000167,0.24875660200709582,0
7,3,22296,2,545,14486,7958,-0.0037849458838256507,0.0075698917676512868,2.2204460492503131e-16,1.2524867959858106,-0.50124339799290518,-0.0012433979929057511,0.25000000000000033,0
7,4,22297,1,545,7958,14487,-0.0037849458838256512,0.0075698917676512868,2.2204460492503131e-16,1.2499999999999991,-0.49999999999999956,0.24875660200709487,0.001243397992905626,0
7,5,22297,2,545,14487,7954,-0.0037849458838256343,0.0075698917676512868,2.2204460492503131e-16,1.2499999999999989,-0.25124339799290468,0.25000000000000161,-0.24875660200709571,0
7,6,22018,1,545,14440,7293,-0.0037849458838256494,0.0075698917676512868,2.2204460492503131e-16,1.75,-0.49999999999999944,-0.24875660200709496,-0.001243397992905404,0
7,7,22018,2,545,7954,14440,-0.0037849458838256494,0.0075698917676512868,2.2204460492503131e-16,1.75,-0.50124339799290518,0.0012433979929056854,-0.25000000000000044,0
7,8,22288,1,14486,14440,5089,-0.0037849458838256629,0.0075698917676512868,2.2204460492503131e-16,0.75000000000000022,-0.0012433979929057208,-0.24999999999999786,0.50124339799290341,0
7,9,22288,2,14486,7293,14440,-0.0037849458838256308,0.0075698917676512868,2.2204460492503131e-16,0.75000000000000089,0.50000000000000178,-0.50124339799290751,0.25124339799290485,0
7,10,22293,1,14487,14440,7954,-0.0037849458838256304,0.0075698917676512868,2.2204460492503131e-16,0.74751320401418941,0.50124339799290774,0.25124339799290496,-0.50000000000000222,0
7,11,22293,2,14487,5089,14440,-0.0037849458838256629,0.0075698917676512868,2.2204460492503131e-16,0.74751320401418886,0.0012433979929057965,0.49999999999999756,-0.24875660200709238,0
8,0,22295,1,14487,7958,14486,-0.0037849458838256156,0.0075698917676512868,2.2204460492503131e-16,0.24999999999999092,0.49875660200709909,-0.24875660200709426,0.50000000000000422,0
8,1,22295,2,14487,14486,5089,-0.0037849458838256109,0.0075698917676512868,2.2204460492503131e-16,0.24999999999999772,0.25000000000000133,0.25124339799290646,0.24875660200709448,1
8,2,22296,1,545,7293,14486,-0.0037849458838256338,0.0075698917676512868,2.2204460492503131e-16,1.2475132040141887,-0.24875660200709382,-0.25000000000000167,0.25124339799290674,0
8,3,22296,2,545,14486,7958,-0.0037849458838256507,0.0075698917676512868,2.2204460492503131e-16,1.2475132040141887,-0.49875660200709437,0.0012433979929051678,0.25000000000000044,0
8,4,22297,1,545,7958,14487,-0.0037849458838256512,0.0075698917676512868,2.2204460492503131e-16,1.2499999999999991,-0.49999999999999956,0.25124339799290568,-0.0012433979929051819,0
8,5,22297,2,545,14487,7954,-0.0037849458838256343,0.0075698917676512868,2.2204460492503131e-16,1.2499999999999989,-0.24875660200709382,0.25000000000000161,-0.25124339799290651,0
8,6,22018,1,545,14440,7293,-0.0037849458838256494,0.0075698917676512868,2.2204460492503131e-16,1.75,-0.49999999999999944,-0.25124339799290585,0.001243397992905404,0
8,7,22018,2,545,7954,14440,-0.0037849458838256494,0.0075698917676512868,2.2204460492503131e-16,1.75,-0.49875660200709432,-0.001243397992905178,-0.25000000000000044,0
8,8,22288,1,14486,14440,5089,-0.0037849458838256629,0.0075698917676512868,2.2204460492503131e-16,0.75000000000000033,0.0012433979929051427,-0.24999999999999789,0.49875660200709238,0
8,9,22288,2,14486,7293,14440,-0.0037849458838256308,0.0075698917676512868,2.2204460492503131e-16,0.75000000000000089,0.50000000000000178,-0.49875660200709665,0.24875660200709393,0
8,10,22293,1,14487,14440,7954,-0.0037849458838256304,0.0075698917676512868,2.2204460492503131e-16,0.75248679598581114,0.49875660200709682,0.24875660200709407,-0.50000000000000222,0
8,11,22293,2,14487,5089,14440,-0.0037849458838256629,0.0075698917676512868,2.2204460492503131e-16,0.75248679598581059,-0.001243397992905067,0.49999999999999756,-0.25124339799290318,0
9,0,22295,1,14487,7958,14486,-0.0037849458838256156,0.0075698917676512868,2.2204460492503131e-16,0.25248679598580176,0.49875660200709904,-0.24999999999999967,0.49875660200709893,0
9,1,22295,2,14487,14486,5089,-0.0037849458838256109,0.0075698917676512868,2.2204460492503131e-16,0.25248679598580864,0.24875660200709587,0.2487566020070956,0.24999999999999989,1
9,2,22296,1,545,7293,14486,-0.0037849458838256338,0.0075698917676512868,2.2204460492503131e-16,1.2499999999999996,-0.24999999999999933,-0.24875660200709621,0.24875660200709593,0
9,3,22296,2,545,14486,7958,-0.0037849458838256507,0.0075698917676512868,2.2204460492503131e-16,1.2499999999999996,-0.49875660200709437,-2.3607845906188746e-16,0.24875660200709504,0
9,4,22297,1,545,7958,14487,-0.0037849458838256512,0.0075698917676512868,2.2204460492503131e-16,1.2499999999999991,-0.4987566020070941,0.24875660200709487,2.2204460492503131e-16,0
9,5,22297,2,545,14487,7954,-0.0037849458838256343,0.0075698917676512868,2.2204460492503131e-16,1.2499999999999989,-0.24999999999999922,0.24875660200709621,-0.24875660200709593,0
9,6,22018,1,545,14440,7293,-0.0037849458838256494,0.0075698917676512868,2.2204460492503131e-16,1.747513204014189,-0.49875660200709404,-0.24875660200709487,-2.2204460492503131e-16,0
9,7,22018,2,545,7954,14440,-0.0037849458838256494,0.0075698917676512868,2.2204460492503131e-16,1.747513204014189,-0.49875660200709432,2.8139483898546501e-16,-0.24875660200709482,0
9,8,22288,1,14486,14440,5089,-0.0037849458838256629,0.0075698917676512868,2.2204460492503131e-16,0.75000000000000033,-2.6118802482034755e-16,-0.24875660200709246,0.49875660200709238,0
9,9,22288,2,14486,7293,14440,-0.0037849458838256308,0.0075698917676512868,2.2204460492503131e-16,0.75000000000000089,0.49875660200709643,-0.49875660200709665,0.24999999999999933,0
9,10,22293,1,14487,14440,7954,-0.0037849458838256304,0.0075698917676512868,2.2204460492503131e-16,0.75000000000000033,0.49875660200709676,0.24999999999999947,-0.49875660200709659,0
9,11,22293,2,14487,5089,14440,-0.0037849458838256629,0.0075698917676512868,2.2204460492503131e-16,0.74999999999999978,3.3690599021672284e-16,0.49875660200709215,-0.24875660200709238,0
10,0,22295,1,14487,7958,14486,-0.0037849458838256156,0.0075698917676512868,2.2204460492503131e-16,0.24751320401418,0.50124339799291007,-0.24999999999999967,0.50124339799290962,0
10,1,22295,2,14487,14486,5089,-0.0037849458838256109,0.0075698917676512868,2.2204460492503131e-16,0.24751320401418686,0.25124339799290679,0.25124339799290651,0.24999999999999978,1
10,2,22296,1,545,7293,14486,-0.0037849458838256338,0.0075698917676512868,2.2204460492503131e-16,1.2499999999999996,-0.24999999999999933,-0.25124339799290707,0.25124339799290685,0
10,3,22296,2,545,14486,7958,-0.0037849458838256507,0.0075698917676512868,2.2204460492503131e-16,1.2499999999999996,-0.50124339799290518,-2.3607845906188746e-16,0.25124339799290585,0
10,4,22297,1,545,7958,14487,-0.0037849458838256512,0.0075698917676512868,2.2204460492503131e-16,1.2499999999999991,-0.50124339799290496,0.25124339799290574,1.1102230246251565e-16,0
10,5,22297,2,545,14487,7954,-0.0037849458838256343,0.0075698917676512868,2.2204460492503131e-16,1.2499999999999989,-0.24999999999999922,0.25124339799290712,-0.25124339799290674,0
10,6,22018,1,545,14440,7293,-0.0037849458838256494,0.0075698917676512868,2.2204460492503131e-16,1.7524867959858108,-0.50124339799290485,-0.25124339799290579,0,0
10,7,22018,2,545,7954,14440,-0.0037849458838256494,0.0075698917676512868,2.2204460492503131e-16,1.7524867959858108,-0.50124339799290518,2.8139483898546501e-16,-0.25124339799290585,0
10,8,22288,1,14486,14440,5089,-0.0037849458838256629,0.0075698917676512868,2.2204460492503131e-16,0.75000000000000022,-2.6118802482034755e-16,-0.25124339799290329,0.50124339799290329,0
10,9,22288,2,14486,7293,14440,-0.0037849458838256308,0.0075698917676512868,2.2204460492503131e-16,0.75000000000000089,0.50124339799290729,-0.50124339799290762,0.24999999999999956,0
10,10,22293,1,14487,14440,7954,-0.0037849458838256304,0.0075698917676512868,2.2204460492503131e-16,0.75000000000000033,0.50124339799290762,0.24999999999999947,-0.50124339799290762,0
10,11,22293,2,14487,5089,14440,-0.0037849458838256629,0.0075698917676512868,2.2204460492503131e-16,0.74999999999999978,3.3690599021672284e-16,0.50124339799290296,-0.25124339799290318,0
11,0,22295,1,14487,7958,14486,-0.0037849458838256156,0.0075698917676512868,2.2204460492503131e-16,0.2499999999999909,0.50000000000000455,-0.25124339799290507,0.50124339799290962,0
11,1,22295,2,14487,14486,5089,-0.0037849458838256109,0.0075698917676512868,2.2204460492503131e-16,0.24999999999999778,0.24875660200709587,0.25000000000000105,0.25124339799290529,1
11,2,22296,1,545,7293,14486,-0.0037849458838256338,0.0075698917676512868,2.2204460492503131e-16,1.2499999999999996,-0.25124339799290474,-0.24875660200709621,0.25000000000000133,0
11,3,22296,2,545,14486,7958,-0.0037849458838256507,0.0075698917676512868,2.2204460492503131e-16,1.2499999999999996,-0.49999999999999978,0.001243397992905196,0.24875660200709504,0
11,4,22297,1,545,7958,14487,-0.0037849458838256512,0.0075698917676512868,2.2204460492503131e-16,1.2524867959858099,-0.50124339799290496,0.25000000000000028,-0.0012433979929051819,0
11,5,22297,2,545,14487,7954,-0.0037849458838256343,0.0075698917676512868,2.2204460492503131e-16,1.2524867959858097,-0.25124339799290463,0.24875660200709618,-0.25000000000000111,0
11,6,22018,1,545,14440,7293,-0.0037849458838256494,0.0075698917676512868,2.2204460492503131e-16,1.75,-0.50124339799290485,-0.25000000000000039,0.001243397992905404,0
11,7,22018,2,545,7954,14440,-0.0037849458838256494,0.0075698917676512868,2.2204460492503131e-16,1.75,-0.49999999999999972,-0.0012433979929051507,-0.24875660200709504,0
11,8,22288,1,14486,14440,5089,-0.0037849458838256629,0.0075698917676512868,2.2204460492503131e-16,0.74751320401418941,0.0012433979929051707,-0.24875660200709246,0.49999999999999789,0
11,9,22288,2,14486,7293,14440,-0.0037849458838256308,0.0075698917676512868,2.2204460492503131e-16,0.74751320401418997,0.50124339799290729,-0.50000000000000211,0.25124339799290485,0
11,10,22293,1,14487,14440,7954,-0.0037849458838256304,0.0075698917676512868,2.2204460492503131e-16,0.75000000000000033,0.50000000000000222,0.2512433979929049,-0.50124339799290762,0
11,11,22293,2,14487,5089,14440,-0.0037849458838256629,0.0075698917676512868,2.2204460492503131e-16,0.74999999999999978,-0.0012433979929050952,0.50124339799290296,-0.24999999999999778,0
12,0,22295,1,14487,7958,14486,-0.0037849458838256156,0.0075698917676512868,2.2204460492503131e-16,0.24999999999999092,0.50000000000000455,-0.24875660200709424,0.49875660200709881,0
12,1,22295,2,14487,14486,5089,-0.0037849458838256109,0.0075698917676512868,2.2204460492503131e-16,0.24999999999999775,0.25124339799290679,0.25000000000000105,0.24875660200709437,1
12,2,22296,1,545,7293,14486,-0.0037849458838256338,0.0075698917676512868,2.2204460492503131e-16,1.2499999999999996,-0.2487566020070939,-0.25124339799290707,0.25000000000000144,0
12,3,22296,2,545,14486,7958,-0.0037849458838256507,0.0075698917676512868,2.2204460492503131e-16,1.2499999999999996,-0.49999999999999978,-0.0012433979929056683,0.25124339799290585,0
12,4,22297,1,545,7958,14487,-0.0037849458838256512,0.0075698917676512868,2.2204460492503131e-16,1.2475132040141883,-0.4987566020070941,0.25000000000000033,0.001243397992905515,0
12,5,22297,2,545,14487,7954,-0.0037849458838256343,0.0075698917676512868,2.2204460492503131e-16,1.2475132040141881,-0.24875660200709379,0.25124339799290707,-0.25000000000000133,0
12,6,22018,1,545,14440,7293,-0.0037849458838256494,0.0075698917676512868,2.2204460492503131e-16,1.75,-0.49875660200709399,-0.25000000000000039,-0.001243397992905626,0
12,7,22018,2,545,7954,14440,-0.0037849458838256494,0.0075698917676512868,2.2204460492503131e-16,1.75,-0.49999999999999972,0.0012433979929057136,-0.25124339799290585,0
12,8,22288,1,14486,14440,5089,-0.0037849458838256629,0.0075698917676512868,2.2204460492503131e-16,0.75248679598581114,-0.0012433979929056932,-0.25124339799290329,0.49999999999999789,0
12,9,22288,2,14486,7293,14440,-0.0037849458838256308,0.0075698917676512868,2.2204460492503131e-16,0.7524867959858117,0.49875660200709637,-0.50000000000000211,0.24875660200709404,0
12,10,22293,1,14487,14440,7954,-0.0037849458838256304,0.0075698917676512868,2.2204460492503131e-16,0.75000000000000033,0.50000000000000222,0.24875660200709404,-0.49875660200709682,0
12,11,22293,2,14487,5089,14440,-0.0037849458838256629,0.0075698917676512868,2.2204460492503131e-16,0.74999999999999978,0.0012433979929057691,0.4987566020070921,-0.24999999999999756,0
13,0,22295,1,14487,7958,14486,-0.0037849458838256156,0.0075698917676512868,2.2204460492503131e-16,0.2499999999999909,0.50007771237456111,-0.25007771237455634,0.50000000000000433,0
13,1,22295,2,14487,14486,5089,-0.0037849458838256109,0.0075698917676512868,2.2204460492503131e-16,0.24999999999999778,0.25000000000000133,0.24992228762544444,0.25007771237455645,1
13,2,22296,1,545,7293,14486,-0.0037849458838256338,0.0075698917676512868,2.2204460492503131e-16,1.2501554247491129,-0.25007771237455589,-0.25000000000000167,0.24992228762544466,0
13,3,22296,2,545,14486,7958,-0.0037849458838256507,0.0075698917676512868,2.2204460492503131e-16,1.2501554247491129,-0.50007771237455634,-7.7712374556907101e-05,0.25000000000000033,0
13,4,22297,1,545,7958,14487,-0.0037849458838256512,0.0075698917676512868,2.2204460492503131e-16,1.2499999999999991,-0.49999999999999956,0.24992228762544372,7.7712374556782038e-05,0
13,5,22297,2,545,14487,7954,-0.0037849458838256343,0.0075698917676512868,2.2204460492503131e-16,1.2499999999999989,-0.25007771237455584,0.25000000000000161,-0.24992228762544455,0
13,6,22018,1,545,14440,7293,-0.0037849458838256494,0.0075698917676512868,2.2204460492503131e-16,1.75,-0.49999999999999944,-0.2499222876254438,-7.7712374556559993e-05,0
13,7,22018,2,545,7954,14440,-0.0037849458838256494,0.0075698917676512868,2.2204460492503131e-16,1.75,-0.50007771237455634,7.7712374556841384e-05,-0.25000000000000044,0
13,8,22288,1,14486,14440,5089,-0.0037849458838256629,0.0075698917676512868,2.2204460492503131e-16,0.75000000000000033,-7.7712374556876689e-05,-0.24999999999999789,0.50007771237455445,0
13,9,22288,2,14486,7293,14440,-0.0037849458838256308,0.0075698917676512868,2.2204460492503131e-16,0.75000000000000089,0.50000000000000178,-0.50007771237455867,0.250077712374556,0
13,10,22293,1,14487,14440,7954,-0.0037849458838256304,0.0075698917676512868,2.2204460492503131e-16,0.7498445752508871,0.50007771237455889,0.25007771237455612,-0.500000000000002,0
13,11,22293,2,14487,5089,14440,-0.0037849458838256629,0.0075698917676512868,2.2204460492503131e-16,0.74984457525088655,7.7712374556952407e-05,0.49999999999999756,-0.249922287625441,0
14,0,22295,1,14487,7958,14486,-0.0037849458838256156,0.0075698917676512868,2.2204460492503131e-16,0.2499999999999909,0.49992228762544794,-0.24992228762544311,0.50000000000000433,0
14,1,22295,2,14487,14486,5089,-0.0037849458838256109,0.0075698917676512868,2.2204460492503131e-16,0.24999999999999778,0.25000000000000133,0.25007771237455761,0.24992228762544322,1
14,2,22296,1,545,7293,14486,-0.0037849458838256338,0.0075698917676512868,2.2204460492503131e-16,1.2498445752508864,-0.24992228762544266,-0.25000000000000167,0.25007771237455789,0
14,3,22296,2,545,14486,7958,-0.0037849458838256507,0.0075698917676512868,2.2204460492503131e-16,1.2498445752508864,-0.49992228762544322,7.7712374556323908e-05,0.25000000000000044,0
14,4,22297,1,545,7958,14487,-0.0037849458838256512,0.0075698917676512868,2.2204460492503131e-16,1.2499999999999991,-0.49999999999999956,0.25007771237455684,-7.7712374556337949e-05,0
14,5,22297,2,545,14487,7954,-0.0037849458838256343,0.0075698917676512868,2.2204460492503131e-16,1.2499999999999989,-0.24992228762544266,0.25000000000000161,-0.25007771237455789,0
14,6,22018,1,545,14440,7293,-0.0037849458838256494,0.0075698917676512868,2.2204460492503131e-16,1.75,-0.49999999999999944,-0.250077712374557,7.7712374556559993e-05,0
14,7,22018,2,545,7954,14440,-0.0037849458838256494,0.0075698917676512868,2.2204460492503131e-16,1.75,-0.49992228762544311,-7.7712374556334113e-05,-0.25000000000000044,0
14,8,22288,1,14486,14440,5089,-0.0037849458838256629,0.0075698917676512868,2.2204460492503131e-16,0.75000000000000033,7.7712374556298809e-05,-0.24999999999999789,0.49992228762544122,0
14,9,22288,2,14486,7293,14440,-0.0037849458838256308,0.0075698917676512868,2.2204460492503131e-16,0.75000000000000089,0.50000000000000178,-0.49992228762544544,0.24992228762544277,0
14,10,22293,1,14487,14440,7954,-0.0037849458838256304,0.0075698917676512868,2.2204460492503131e-16,0.75015542474911345,0.49992228762544566,0.24992228762544291,-0.500000000000002,0
14,11,22293,2,14487,5089,14440,-0.0037849458838256629,0.0075698917676512868,2.2204460492503131e-16,0.7501554247491129,-7.7712374556223091e-05,0.49999999999999756,-0.25007771237455412,0
15,0,22295,1,14487,7958,14486,-0.0037849458838256156,0.0075698917676512868,2.2204460492503131e-16,0.25015542474910407,0.49992228762544794,-0.24999999999999967,0.49992228762544766,0
15,1,22295,2,14487,14486,5089,-0.0037849458838256109,0.0075698917676512868,2.2204460492503131e-16,0.25015542474911096,0.24992228762544474,0.24992228762544447,0.24999999999999989,1
15,2,22296,1,545,7293,14486,-0.0037849458838256338,0.0075698917676512868,2.2204460492503131e-16,1.2499999999999996,-0.24999999999999933,-0.24992228762544505,0.24992228762544477,0
15,3,22296,2,545,14486,7958,-0.0037849458838256507,0.0075698917676512868,2.2204460492503131e-16,1.2499999999999996,-0.49992228762544322,-2.3607845906188746e-16,0.24992228762544388,0
15,4,22297,1,545,7958,14487,-0.0037849458838256512,0.0075698917676512868,2.2204460492503131e-16,1.2499999999999991,-0.49992228762544294,0.24992228762544372,2.2204460492503131e-16,0
15,5,22297,2,545,14487,7954,-0.0037849458838256343,0.0075698917676512868,2.2204460492503131e-16,1.2499999999999989,-0.24999999999999922,0.24992228762544505,-0.24992228762544477,0
15,6,22018,1,545,14440,7293,-0.0037849458838256494,0.0075698917676512868,2.2204460492503131e-16,1.7498445752508867,-0.49992228762544288,-0.24992228762544372,0,0
15,7,22018,2,545,7954,14440,-0.0037849458838256494,0.0075698917676512868,2.2204460492503131e-16,1.7498445752508867,-0.49992228762544316,2.8139483898546501e-16,-0.24992228762544366,0
15,8,22288,1,14486,14440,5089,-0.0037849458838256629,0.0075698917676512868,2.2204460492503131e-16,0.75000000000000033,-2.6118802482034755e-16,-0.2499222876254413,0.49992228762544122,0
15,9,22288,2,14486,7293,14440,-0.0037849458838256308,0.0075698917676512868,2.2204460492503131e-16,0.75000000000000089,0.49992228762544527,-0.49992228762544549,0.24999999999999933,0
15,10,22293,1,14487,14440,7954,-0.0037849458838256304,0.0075698917676512868,2.2204460492503131e-16,0.75000000000000033,0.4999222876254456,0.24999999999999947,-0.49992228762544544,0
15,11,22293,2,14487,5089,14440,-0.0037849458838256629,0.0075698917676512868,2.2204460492503131e-16,0.74999999999999978,3.3690599021672284e-16,0.499922287625441,-0.249922287625441,0
16,0,22295,1,14487,7958,14486,-0.0037849458838256156,0.0075698917676512868,2.2204460492503131e-16,0.24984457525087769,0.50007771237456111,-0.24999999999999967,0.50007771237456089,0
16,1,22295,2,14487,14486,5089,-0.0037849458838256109,0.0075698917676512868,2.2204460492503131e-16,0.24984457525088458,0.25007771237455789,0.25007771237455761,0.25,1
16,2,22296,1,545,7293,14486,-0.0037849458838256338,0.0075698917676512868,2.2204460492503131e-16,1.2499999999999996,-0.24999999999999933,-0.25007771237455823,0.250077712374558,0
16,3,22296,2,545,14486,7958,-0.0037849458838256507,0.0075698917676512868,2.2204460492503131e-16,1.2499999999999996,-0.50007771237455634,-2.3607845906188746e-16,0.250077712374557,0
16,4,22297,1,545,7958,14487,-0.0037849458838256512,0.0075698917676512868,2.2204460492503131e-16,1.2499999999999991,-0.50007771237455612,0.25007771237455689,1.1102230246251565e-16,0
16,5,22297,2,545,14487,7954,-0.0037849458838256343,0.0075698917676512868,2.2204460492503131e-16,1.2499999999999989,-0.24999999999999922,0.25007771237455828,-0.25007771237455789,0
16,6,22018,1,545,14440,7293,-0.0037849458838256494,0.0075698917676512868,2.2204460492503131e-16,1.7501554247491131,-0.500077712374556,-0.25007771237455695,-2.2204460492503131e-16,0
16,7,22018,2,545,7954,14440,-0.0037849458838256494,0.0075698917676512868,2.2204460492503131e-16,1.7501554247491131,-0.50007771237455634,2.8139483898546501e-16,-0.250077712374557,0
16,8,22288,1,14486,14440,5089,-0.0037849458838256629,0.0075698917676512868,2.2204460492503131e-16,0.75000000000000033,-2.6118802482034755e-16,-0.25007771237455445,0.50007771237455434,0
16,9,22288,2,14486,7293,14440,-0.0037849458838256308,0.0075698917676512868,2.2204460492503131e-16,0.75000000000000089,0.50007771237455845,-0.50007771237455878,0.24999999999999933,0
16,10,22293,1,14487,14440,7954,-0.0037849458838256304,0.0075698917676512868,2.2204460492503131e-16,0.75000000000000033,0.50007771237455878,0.24999999999999947,-0.50007771237455856,0
16,11,22293,2,14487,5089,14440,-0.0037849458838256629,0.0075698917676512868,2.2204460492503131e-16,0.74999999999999978,3.3690599021672284e-16,0.50007771237455412,-0.25007771237455412,0
17,0,22295,1,14487,7958,14486,-0.0037849458838256156,0.0075698917676512868,2.2204460492503131e-16,0.2499999999999909,0.50000000000000455,-0.25007771237455623,0.50007771237456078,0
17,1,22295,2,14487,14486,5089,-0.0037849458838256109,0.0075698917676512868,2.2204460492503131e-16,0.24999999999999778,0.24992228762544474,0.25000000000000105,0.25007771237455634,1
17,2,22296,1,545,7293,14486,-0.0037849458838256338,0.0075698917676512868,2.2204460492503131e-16,1.2499999999999996,-0.25007771237455589,-0.24992228762544505,0.25000000000000133,0
17,3,22296,2,545,14486,7958,-0.0037849458838256507,0.0075698917676512868,2.2204460492503131e-16,1.2499999999999996,-0.49999999999999978,7.7712374556353426e-05,0.24992228762544388,0
17,4,22297,1,545,7958,14487,-0.0037849458838256512,0.0075698917676512868,2.2204460492503131e-16,1.2501554247491122,-0.50007771237455612,0.25000000000000028,-7.7712374556337949e-05,0
17,5,22297,2,545,14487,7954,-0.0037849458838256343,0.0075698917676512868,2.2204460492503131e-16,1.250155424749112,-0.25007771237455578,0.24992228762544502,-0.25000000000000133,0
17,6,22018,1,545,14440,7293,-0.0037849458838256494,0.0075698917676512868,2.2204460492503131e-16,1.75,-0.500077712374556,-0.25000000000000039,7.7712374556337949e-05,0
17,7,22018,2,545,7954,14440,-0.0037849458838256494,0.0075698917676512868,2.2204460492503131e-16,1.75,-0.49999999999999972,-7.771237455630812e-05,-0.24992228762544388,0
17,8,22288,1,14486,14440,5089,-0.0037849458838256629,0.0075698917676512868,2.2204460492503131e-16,0.7498445752508871,7.7712374556328313e-05,-0.2499222876254413,0.49999999999999789,0
17,9,22288,2,14486,7293,14440,-0.0037849458838256308,0.0075698917676512868,2.2204460492503131e-16,0.74984457525088766,0.50007771237455845,-0.50000000000000211,0.250077712374556,0
17,10,22293,1,14487,14440,7954,-0.0037849458838256304,0.0075698917676512868,2.2204460492503131e-16,0.75000000000000033,0.50000000000000222,0.25007771237455606,-0.50007771237455878,0
17,11,22293,2,14487,5089,14440,-0.0037849458838256629,0.0075698917676512868,2.2204460492503131e-16,0.74999999999999978,-7.7712374556252608e-05,0.50007771237455412,-0.24999999999999778,0
18,0,22295,1,14487,7958,14486,-0.0037849458838256156,0.0075698917676512868,2.2204460492503131e-16,0.2499999999999909,0.50000000000000455,-0.24992228762544308,0.49992228762544766,0
18,1,22295,2,14487,14486,5089,-0.0037849458838256109,0.0075698917676512868,2.2204460492503131e-16,0.24999999999999775,0.25007771237455789,0.25000000000000105,0.24992228762544322,1
18,2,22296,1,545,7293,14486,-0.0037849458838256338,0.0075698917676512868,2.2204460492503131e-16,1.2499999999999996,-0.24992228762544275,-0.25007771237455823,0.25000000000000144,0
18,3,22296,2,545,14486,7958,-0.0037849458838256507,0.0075698917676512868,2.2204460492503131e-16,1.2499999999999996,-0.49999999999999978,-7.7712374556825596e-05,0.250077712374557,0
18,4,22297,1,545,7958,14487,-0.0037849458838256512,0.0075698917676512868,2.2204460492503131e-16,1.249844575250886,-0.49992228762544294,0.25000000000000028,7.7712374556782038e-05,0
18,5,22297,2,545,14487,7954,-0.0037849458838256343,0.0075698917676512868,2.2204460492503131e-16,1.2498445752508858,-0.24992228762544264,0.25007771237455823,-0.25000000000000133,0
18,6,22018,1,545,14440,7293,-0.0037849458838256494,0.0075698917676512868,2.2204460492503131e-16,1.75,-0.49992228762544283,-0.25000000000000039,-7.7712374556782038e-05,0
18,7,22018,2,545,7954,14440,-0.0037849458838256494,0.0075698917676512868,2.2204460492503131e-16,1.75,-0.49999999999999972,7.7712374556870902e-05,-0.250077712374557,0
18,8,22288,1,14486,14440,5089,-0.0037849458838256629,0.0075698917676512868,2.2204460492503131e-16,0.75015542474911345,-7.7712374556850681e-05,-0.25007771237455445,0.49999999999999789,0
18,9,22288,2,14486,7293,14440,-0.0037849458838256308,0.0075698917676512868,2.2204460492503131e-16,0.75015542474911401,0.49992228762544522,-0.50000000000000211,0.24992228762544288,0
18,10,22293,1,14487,14440,7954,-0.0037849458838256304,0.0075698917676512868,2.2204460492503131e-16,0.75000000000000033,0.50000000000000222,0.24992228762544288,-0.49992228762544544,0
18,11,22293,2,14487,5089,14440,-0.0037849458838256629,0.0075698917676512868,2.2204460492503131e-16,0.74999999999999978,7.7712374556926413e-05,0.49992228762544094,-0.24999999999999756,0
