query,axis,h,sign,x,y,z,p0,p1,p2,w0,w1,w2,w3,Ux,Uy,Uz,Ex,Ey,Ez,det,first_face,first_tetPt
0,-1,0,0,0.26998061866787276,6.0622920737240547,0.26998061866787282,14487,14486,5089,0.24999999999999778,0.25000000000000133,0.25000000000000105,0.24999999999999978,0.025038477339252917,-0.19251850112662661,0.00067295196350701482,0.025038477339252917,-0.19251850112662661,0.00067295196350701482,-0.0037849458838256109,22295,2
1,0,0.00390625,-1,0.26607436866787276,6.0622920737240547,0.26998061866787282,14487,14486,5089,0.24999999999999811,0.25000000000000111,0.23010563211351392,0.26989436788648691,0.024823132523996393,-0.19539183933944923,0.00067849507715189109,0.024823132523996393,-0.19539183933944923,0.00067849507715189109,-0.0037849458838256109,22295,2
2,0,0.00390625,1,0.27388686866787276,6.0622920737240547,0.26998061866787282,14487,14486,5089,0.24999999999999739,0.2500000000000015,0.26989436788648813,0.23010563211351298,0.025253822154509442,-0.18964516291380407,0.00066740884986213854,0.025253822154509442,-0.18964516291380407,0.00066740884986213854,-0.0037849458838256109,22295,2
3,1,0.00390625,-1,0.26998061866787276,6.0583858237240547,0.26998061866787282,14487,14486,5089,0.28978873577297209,0.23010563211351417,0.2301056321135139,0.24999999999999989,0.025313627434863779,-0.19577558665806233,0.00074846839514151225,0.025313627434863779,-0.19577558665806233,0.00074846839514151225,-0.0037849458838256109,22295,2
4,1,0.00390625,1,0.26998061866787276,6.0661983237240547,0.26998061866787282,14487,14486,5089,0.21021126422702344,0.26989436788648846,0.26989436788648818,0.25,0.02476332724364206,-0.18926141559519097,0.00059743553187251749,0.02476332724364206,-0.18926141559519097,0.00059743553187251749,-0.0037849458838256109,22295,2
5,2,0.00390625,-1,0.26998061866787276,6.0622920737240547,0.26607436866787282,14487,14486,5089,0.24999999999999814,0.2301056321135142,0.25000000000000083,0.26989436788648691,0.025093283365633667,-0.19315768958743593,0.00067010984407448642,0.025093283365633667,-0.19315768958743593,0.00067010984407448642,-0.0037849458838256109,22295,2
6,2,0.00390625,1,0.26998061866787276,6.0622920737240547,0.27388686866787282,14487,14486,5089,0.24999999999999742,0.26989436788648841,0.25000000000000122,0.23010563211351298,0.024983671312872172,-0.19187931266581734,0.00067579408293954332,0.024983671312872172,-0.19187931266581734,0.00067579408293954332,-0.0037849458838256109,22295,2
7,0,0.000244140625,-1,0.26973647804287276,6.0622920737240547,0.26998061866787282,14487,14486,5089,0.24999999999999778,0.25000000000000128,0.2487566020070956,0.2512433979929054,0.025025018288299387,-0.19269808476492806,0.00067329840810981961,0.025025018288299387,-0.19269808476492806,0.00067329840810981961,-0.0037849458838256109,22295,2
8,0,0.000244140625,1,0.27022475929287276,6.0622920737240547,0.26998061866787282,14487,14486,5089,0.24999999999999772,0.25000000000000133,0.25124339799290646,0.24875660200709448,0.025051936390206451,-0.19233891748832524,0.00067260551890420991,0.025051936390206451,-0.19233891748832524,0.00067260551890420991,-0.0037849458838256109,22295,2
9,1,0.000244140625,-1,0.26998061866787276,6.0620479330990547,0.26998061866787282,14487,14486,5089,0.25248679598580864,0.24875660200709587,0.2487566020070956,0.24999999999999989,0.025055674220228599,-0.19272206897234134,0.00067767174048417097,0.025055674220228599,-0.19272206897234134,0.00067767174048417097,-0.0037849458838256109,22295,2
10,1,0.000244140625,1,0.26998061866787276,6.0625362143490547,0.26998061866787282,14487,14486,5089,0.24751320401418686,0.25124339799290679,0.25124339799290651,0.24999999999999978,0.025021280458277239,-0.19231493328091187,0.00066823218652985856,0.025021280458277239,-0.19231493328091187,0.00066823218652985856,-0.0037849458838256109,22295,2
11,2,0.000244140625,-1,0.26998061866787276,6.0622920737240547,0.26973647804287282,14487,14486,5089,0.24999999999999778,0.24875660200709587,0.25000000000000105,0.25124339799290529,0.025041902715901714,-0.19255845040542721,0.00067277433104248174,0.025041902715901714,-0.19255845040542721,0.00067277433104248174,-0.0037849458838256109,22295,2
12,2,0.000244140625,1,0.26998061866787276,6.0622920737240547,0.27022475929287282,14487,14486,5089,0.24999999999999775,0.25124339799290679,0.25000000000000105,0.24875660200709437,0.025035051962604121,-0.19247855184782606,0.00067312959597154789,0.025035051962604121,-0.19247855184782606,0.00067312959597154789,-0.0037849458838256109,22295,2
13,0,1.52587890625e-05,-1,0.26996535987881026,6.0622920737240547,0.26998061866787282,14487,14486,5089,0.24999999999999778,0.25000000000000133,0.24992228762544444,0.25007771237455645,0.025037636148568323,-0.19252972510402047,0.00067297361629469019,0.025037636148568323,-0.19252972510402047,0.00067297361629469019,-0.0037849458838256109,22295,2
14,0,1.52587890625e-05,1,0.26999587745693526,6.0622920737240547,0.26998061866787282,14487,14486,5089,0.24999999999999778,0.25000000000000133,0.25007771237455761,0.24992228762544322,0.025039318529937515,-0.19250727714923277,0.00067293031071933955,0.025039318529937515,-0.19250727714923277,0.00067293031071933955,-0.0037849458838256109,22295,2
15,1,1.52587890625e-05,-1,0.26998061866787276,6.0622768149349922,0.26998061866787282,14487,14486,5089,0.25015542474911096,0.24992228762544474,0.24992228762544447,0.24999999999999989,0.025039552144313901,-0.19253122411698381,0.0006732469495680871,0.025039552144313901,-0.19253122411698381,0.0006732469495680871,-0.0037849458838256109,22295,2
16,1,1.52587890625e-05,1,0.26998061866787276,6.0623073325131172,0.26998061866787282,14487,14486,5089,0.24984457525088458,0.25007771237455789,0.25007771237455761,0.25,0.025037402534191937,-0.19250577813626948,0.00067265697744594254,0.025037402534191937,-0.19250577813626948,0.00067265697744594254,-0.0037849458838256109,22295,2
17,2,1.52587890625e-05,-1,0.26998061866787276,6.0622920737240547,0.26996535987881032,14487,14486,5089,0.24999999999999778,0.24992228762544474,0.25000000000000105,0.25007771237455634,0.025038691425293465,-0.19252099795655164,0.00067294086147798153,0.025038691425293465,-0.19252099795655164,0.00067294086147798153,-0.0037849458838256109,22295,2
18,2,1.52587890625e-05,1,0.26998061866787276,6.0622920737240547,0.26999587745693532,14487,14486,5089,0.24999999999999775,0.25007771237455789,0.25000000000000105,0.24992228762544322,0.025038263253212366,-0.19251600429670157,0.00067296306553604811,0.025038263253212366,-0.19251600429670157,0.00067296306553604811,-0.0037849458838256109,22295,2
